id (N) (P),name (T),salary (N),hire_date (D),department_id (N)
4303,Pamela Hines,32952.53,2023-06-08,769
6468,Wesley Pace,96228.51,2021-10-12,900
2338,Thomas Price,74679.96,2023-11-17,497
8487,Kenneth Cook,70920.31,2020-11-24,223
701,Timothy Frey,103391.91,2023-09-08,487
7769,Joseph Walton,54236.44,2022-08-29,22
917,David Carlson,108055.82,2021-02-24,670
713,Katherine Quinn,51590.01,2020-05-21,936
8307,Michael White,69803.23,2023-11-10,685
1993,Melanie Stevens,64710.61,2023-11-18,889
7220,Amy Lewis,111433.28,2022-10-30,650
1593,Ashley Ryan,45769.73,2022-12-16,279
1661,Sherry Brown,77949.28,2022-03-29,822
2399,Stuart Watson,55085.74,2023-01-26,168
1354,Summer Wallace,59161.82,2023-08-12,104
3100,Michael Lawson,75706.15,2021-03-29,575
8999,Emily Pope,60344.56,2023-03-27,451
730,William Moore,60679.44,2021-09-01,543
2503,George King,115337.64,2021-03-02,686
5937,Robert Anthony,64793.69,2023-06-03,538
2429,Victoria Brown,96127.82,2023-03-27,95
5984,Angelica Cooper,40019.88,2021-04-08,985
3847,Robert Perkins III,31359.05,2022-08-16,427
9437,Michael Wiggins,51840.41,2023-11-01,218
6601,Mrs. Monique Oconnell DDS,85230.55,2021-04-04,451
1121,Maria Brown,72888.68,2022-07-16,624
4357,Anita Weaver,101347.36,2020-09-05,972
2570,Daniel Fuentes,68765.28,2020-02-17,350
2411,Sandra Woods,110518.56,2022-03-13,653
1640,David Benton,34443.97,2021-07-11,366
979,Dr. Jim Rush,91954.71,2023-01-01,376
4273,Karen Patel,68715.31,2023-01-08,970
1198,Natalie James,65122.97,2021-12-29,114
3167,Judy Cannon,113180.05,2023-05-11,283
2174,Daniel Burton,82936.72,2020-04-15,713
1102,Nicole Espinoza,77645.81,2023-02-02,446
6657,Joshua Harper,49869.64,2020-11-12,281
2430,Charles Mora,59592.82,2021-07-26,508
1050,Jose Cox,34320.85,2021-10-29,38
8647,David Ward,55921.89,2023-02-08,120
6168,Dr. Peter Webb MD,105611.01,2022-07-12,320
272,Sophia Johnson,92903.71,2021-12-02,972
6091,Tiffany Brown,55146.52,2022-12-20,857
1632,Maxwell Perez,52209.24,2022-05-03,524
2462,Jessica Brown,116921.0,2023-11-25,892
378,Alex Mcintosh,116919.03,2020-12-06,118
3345,Mr. Joseph Bullock,79620.98,2020-03-15,49
6129,Hannah Ochoa,39550.67,2020-02-17,557
2982,Nicole Daniels,119939.35,2023-08-15,139
3843,Michael Frazier,77241.58,2023-12-24,900
7437,Jason Perry,70806.41,2022-07-26,963
5590,Jeffrey Walker,112608.35,2021-06-12,382
8073,Darlene Maxwell,66536.16,2020-03-10,355
894,Rachel Wood,107678.62,2020-05-07,761
5880,Cassandra Fitzpatrick,119690.2,2021-03-18,109
6633,Jose Garcia,68897.56,2023-02-15,647
3142,Emily Clay,65059.81,2020-12-06,768
8434,Maureen Morris,105927.19,2023-05-02,422
3209,Paul Guerrero,90195.45,2021-09-07,388
44,Jerome Jenkins,102299.81,2021-04-03,536
237,Nicole Walker,40849.78,2022-04-07,105
8332,Robert Watts,62911.05,2023-08-02,783
4388,Christina Keller,60006.37,2020-12-21,630
4043,Louis Ramirez,41976.39,2022-01-05,347
4169,Dana Kirby,36256.46,2021-05-29,442
9195,Tina Trevino,52875.18,2023-05-20,666
2549,Laura Diaz,35963.61,2022-11-01,639
5196,Zachary Lewis MD,108174.74,2021-04-24,915
2775,Jordan Meyers,66561.36,2023-12-21,823
1982,Dr. Jean Adams MD,117229.44,2023-06-07,847
768,Harry Chang,44295.63,2022-05-18,822
7480,Aaron Chang,110096.97,2021-02-10,408
1689,Kelly Adams,31695.63,2022-11-28,876
2885,Brian Washington,88188.98,2022-05-08,826
5702,Natalie Perez DDS,30416.76,2021-04-28,326
2986,Sylvia Fischer,119079.69,2021-07-04,799
9909,Tina Marquez,33765.43,2020-03-22,821
7760,Mark Jones,48515.44,2023-09-12,529
789,Michelle Dennis,53495.58,2020-11-07,502
473,Patrick Richards,44780.32,2020-06-30,686
3761,Kristen Davis,48821.43,2021-09-14,638
2953,Martha Chen,62870.87,2022-03-13,769
223,Elizabeth Tran,92487.63,2020-10-15,523
6030,Gary Joseph,78858.79,2020-03-23,227
196,Donna Mcdaniel,118166.64,2023-03-29,932
3841,Jennifer Bennett,70480.68,2022-03-31,476
3439,Gabriela Crane,108791.02,2021-10-23,574
7781,Melissa Black,84418.55,2021-10-24,579
1997,Terry Brown,64282.82,2022-10-30,566
1949,Lindsey Duncan,79380.28,2020-05-09,209
1816,Rachael Phillips,106802.68,2022-06-10,669
2844,Robert Edwards,69158.1,2023-12-09,680
9435,Anna Douglas,86049.22,2023-07-21,267
4578,Crystal Keith,62155.41,2023-04-09,804
4132,Michael Peterson,68254.72,2021-08-20,147
3813,Thomas Ware,90441.1,2020-10-13,660
5971,Carlos Jackson,42305.6,2020-04-08,923
3413,Joseph Williams,66444.76,2022-11-20,821
9161,Justin Clark,111032.06,2020-12-04,792
3610,Courtney Hicks,100892.33,2023-11-14,717
9448,Paige Wilson DVM,62634.51,2023-04-13,10
5052,Debra Warner,81476.25,2022-04-23,889
8109,Justin Hunter,57161.95,2021-08-19,640
6483,Shannon Franklin,107894.8,2020-03-07,439
1989,Alec Wood,64575.48,2022-02-26,316
5980,Emily Campbell,36350.63,2021-06-27,98
1067,Diamond Fischer,117526.26,2020-09-28,763
6834,Christine Baker,93893.74,2021-06-07,880
4195,Shannon Carlson,80790.09,2020-12-23,388
198,Richard Ramirez,112781.45,2023-03-24,806
5838,Mr. Dominic Day,108798.44,2023-04-29,743
9409,Ricky Gross,105137.44,2022-07-02,598
6451,Carla Conway,79066.8,2021-02-07,378
2680,Seth Logan,101571.31,2020-07-05,779
6105,Dennis Valenzuela,74084.38,2020-05-29,23
1757,Jeff Hayes,62950.87,2023-08-21,219
6318,Vincent Dean,64206.02,2021-08-11,435
97,Tina Lee,60272.19,2022-10-23,764
7961,Christopher Medina,64730.93,2022-01-26,440
7080,Angela Martinez,118387.92,2023-12-07,782
5281,Kenneth Washington Jr.,87152.48,2023-11-16,153
4163,Natalie Wood,58167.98,2020-01-26,484
869,Gary Cook,35950.26,2020-07-16,236
3471,Andrew Hill,68866.55,2022-06-12,63
1359,Kathryn Bell,62276.1,2020-12-03,621
8220,James Barker,35098.65,2023-12-05,614
5111,Amber Chang,92426.83,2021-10-28,911
33,Jennifer Dixon,76783.65,2020-11-02,812
7916,Roberto Freeman,69442.93,2021-09-14,363
9374,Samantha Roman,42745.06,2021-02-13,38
2999,Melissa Cox,114606.99,2021-06-08,277
1754,Jeffrey Cobb,36188.41,2022-06-24,821
9064,Teresa Becker,117312.87,2023-02-10,475
7224,Maria Lewis,80067.65,2020-12-19,453
3420,Susan Wilson,68608.55,2021-05-20,511
9095,Pamela Thomas,61099.72,2023-03-30,592
7073,Kristen Franco,48437.78,2021-11-25,559
4780,Joseph Williams,64487.43,2022-03-25,553
2662,Melissa Murphy,69752.42,2023-07-29,316
9808,Jennifer Mendoza,76641.21,2021-11-16,526
1427,Kathleen Sherman,36796.06,2022-12-14,461
5003,Angel Rojas,96568.63,2021-02-23,980
6107,Dawn Christian,102909.82,2022-12-30,443
3063,Louis Jones,40064.89,2022-08-03,659
1085,Anthony Lee,109524.69,2021-08-05,641
1963,James Brown,112856.16,2023-12-04,18
1601,Johnny Garner,113826.41,2021-03-17,43
8305,Debbie Wilson,71194.58,2021-11-12,35
6805,Deborah Franco,92346.01,2023-12-22,140
7579,Gary Smith,88335.19,2022-09-27,755
6437,Marisa Moore,101544.63,2022-06-11,408
4829,Mrs. Jill Smith,89943.19,2020-06-11,860
1866,Crystal Meyer,44125.12,2022-02-04,109
4341,Mark Brown,47701.1,2021-12-22,164
3737,Alicia Guzman,84853.44,2023-05-18,571
9656,Melissa Sims,76822.19,2021-01-11,494
5133,David Williams,40776.86,2020-07-05,837
2657,Heather Ramirez,33477.31,2023-05-07,945
239,Stephanie Wells,70198.36,2022-04-24,674
5455,Michael Anderson,110007.63,2023-03-25,514
6673,Kathryn Sullivan,113221.88,2022-03-18,762
7078,Charles Brown,35558.63,2020-10-03,566
9400,Mr. John Henderson,94879.76,2022-12-13,698
4313,Rachel Davis,61172.89,2022-10-23,577
4889,Charles Gentry,93815.23,2021-02-12,621
5927,Autumn Smith,53586.13,2021-06-27,319
8646,Teresa Floyd,51524.54,2020-04-17,403
504,Raymond Lawson,79550.89,2022-06-24,720
5470,Ricardo Weaver,89025.6,2021-08-22,955
6565,Bradley Clark,101201.92,2021-07-12,117
3948,Sarah Jones,114426.75,2022-03-05,321
7090,Jackie Vang,45174.81,2023-01-22,673
4504,Joseph Hanson,106603.55,2022-02-25,287
3524,Robert Morrow,71691.81,2022-09-14,316
1906,Gina Ho,113408.26,2021-10-11,479
8025,Colleen David,57603.55,2021-06-18,186
7251,Lisa Barron,81496.9,2020-05-13,423
5650,Tyler Elliott,57800.37,2021-10-18,296
6626,Courtney Mccoy,35269.43,2020-06-02,343
4063,Stephanie Moore,96931.17,2020-07-23,972
4731,Patrick Rogers,64927.76,2020-03-02,907
7141,Karen Howard,30615.01,2023-01-06,386
5140,Brian Lawson,97961.33,2020-09-08,315
8430,Robert Terry,72004.63,2023-09-30,894
3982,Lacey Guerrero,43600.52,2020-04-10,901
5347,James Howard,91186.41,2023-06-16,97
7569,Melissa White,103605.75,2023-09-07,333
9319,Steven Kelly DVM,90830.9,2022-04-17,657
7041,Sheila Robinson,33460.73,2023-11-15,890
9440,Gina Zamora,86452.86,2022-09-12,599
8927,Leslie Smith,93265.07,2020-11-02,706
3659,Kathryn Gray,58157.46,2022-07-20,342
6090,Kelly Barnes,65369.72,2020-10-01,313
1282,Christopher Melton,77487.76,2022-01-28,5
2836,Kathryn Larsen,78894.28,2021-12-21,835
7496,Joann Carter,73357.58,2020-06-14,184
1260,Joshua Davis,58454.27,2020-11-23,605
5333,James Jackson,82557.79,2020-12-21,427
8581,Terry Schmidt,108858.13,2020-12-13,14
5905,Krista Moore,95289.26,2023-11-11,863
2687,Sheila Smith,47003.44,2022-04-05,304
4234,Caleb Hernandez,112939.44,2020-02-10,485
8418,Manuel Moore,36747.46,2022-11-17,110
1220,Jennifer Williams,89631.88,2022-06-07,276
9827,Brian Smith,57896.18,2020-11-18,738
4133,Jeffrey Davis,31208.81,2020-03-08,38
9953,Heather Rogers,31421.96,2021-03-06,974
6660,Alexander Walker,75631.94,2020-02-26,507
1738,Nancy Ross,57821.64,2022-09-08,900
9882,Kristin Johnson,39324.31,2022-08-18,989
2746,Jimmy Ross,66249.59,2023-01-24,649
5822,Michael Martin,89478.08,2023-12-09,262
1708,Deborah Lewis,35790.66,2022-12-08,983
9026,Travis Rodriguez,63974.11,2022-02-26,687
4439,Zachary Lamb,54827.22,2023-12-05,188
5831,Paula Potter,57852.1,2021-10-18,657
6925,Jessica Campbell,67988.54,2021-06-04,731
8848,Jamie Banks,83412.0,2022-03-06,236
646,David Chandler,103042.17,2023-05-05,975
9608,Christopher Perez,101510.19,2022-07-29,528
2305,Eileen Barrett,35383.33,2020-02-23,625
9008,Heather Fuentes,118088.19,2021-01-15,286
2989,Patricia Wood DDS,35089.0,2021-09-10,373
4974,Cameron Evans,31496.55,2023-01-22,758
2268,Melissa Horne,71438.56,2020-10-09,613
4482,Rachel Edwards,75788.4,2023-12-11,4
9206,Alexander Velasquez,42704.82,2020-03-13,829
518,James Moran,42510.64,2023-11-11,812
7145,Carolyn Hill,34340.66,2023-02-24,261
2042,Phillip Miller,115117.06,2021-07-05,480
5970,Andrew Jackson,43373.55,2020-01-28,614
3201,Mary Sanchez,49536.4,2022-12-26,329
6657,Angela Henderson,40789.64,2021-07-21,511
8674,Katherine Jimenez,93349.93,2023-06-02,239
5423,Beverly Cline,73650.35,2020-09-11,95
1033,Julia Krueger,87482.17,2020-08-12,719
1152,Helen Miller,52022.85,2022-08-07,631
5795,Jonathan Miller,44902.07,2023-02-16,343
5145,John Davis,113688.26,2020-02-23,681
1240,Daniel Robinson,76859.37,2023-07-01,70
3936,Stacey Andrade,80301.31,2021-06-11,565
384,Bailey Strickland,30439.11,2020-02-01,751
3229,Candice Morgan,42582.25,2020-12-05,393
3048,Erin Davis,88564.6,2023-12-25,6
4006,Carrie Roberson,102483.45,2020-08-08,40
5195,Sheri Hebert,71813.56,2022-12-30,652
7868,Alexander Mathis,79822.83,2021-03-30,564
1628,Patrick Rios,32535.99,2021-10-15,5
8289,Steven Turner,91900.28,2022-07-17,865
1436,Eric Duran,84653.25,2022-02-08,513
3401,Marcus Williams,70736.43,2021-08-07,78
5383,Gregory Colon,68136.99,2022-11-19,1000
1867,Christopher Wagner,72868.55,2020-10-09,253
6947,Christopher Patterson,42121.04,2020-04-02,909
6693,Susan Meyer,33116.56,2023-05-04,8
2003,Brianna Harrison,80159.35,2021-03-03,886
5224,Matthew Cox,76643.11,2023-09-26,763
1906,Yolanda Green,113307.85,2020-06-12,637
5098,Mary Brown,65839.62,2020-02-12,637
5673,Katherine Davis DDS,61921.43,2023-11-13,768
2124,Nathan Cox,87877.09,2022-06-26,834
3694,Annette Schneider,99248.45,2021-08-20,158
3668,Christopher Carson,64320.05,2023-10-16,715
9614,Katie Martinez,77297.54,2021-08-30,505
1881,Amy Hill,46269.53,2021-03-31,202
441,Devin Flores,78566.0,2021-04-07,330
8988,Tammy Mills,94562.15,2023-07-18,344
4857,Meagan Lloyd,31173.79,2022-05-13,613
2664,Rebecca Graham,30805.78,2021-07-26,779
1510,Francisco Carr,104035.6,2020-06-17,516
2946,George Carter,55688.6,2021-03-05,253
9848,Laura Taylor,83059.35,2020-08-22,716
7703,Angela Garner,108608.42,2020-04-15,224
6815,Martin Cardenas,108029.34,2022-08-02,513
8426,Jared Allen,78607.98,2020-02-06,118
1005,Michael Harvey,114946.29,2021-04-30,909
7854,Joanna Schultz,59774.67,2023-03-31,411
3145,Joseph Obrien,71902.03,2022-09-20,904
1825,Cynthia Stone,117326.18,2021-08-05,163
8295,David Cooper,97322.06,2021-11-16,232
5281,Shelly Henderson,63921.48,2022-12-07,518
6095,Zachary Ward,47595.88,2021-03-31,928
2731,Kim French,53945.11,2022-09-10,299
434,Brenda Thomas,98024.74,2022-08-13,916
9624,Scott Gardner,55218.47,2021-10-28,338
1229,James Ayala,81466.81,2020-06-07,846
7243,Tyler Beck,96726.86,2022-03-27,940
7293,Logan Fox,81341.46,2021-09-30,647
3210,Angela Peck,114064.85,2023-10-26,25
4708,Brian Mendez,69442.05,2022-09-27,549
8741,Stephen Camacho,49804.29,2023-12-17,514
2246,Gloria Roberts,78149.08,2022-05-11,273
5653,Kenneth Wright,118375.53,2022-09-19,476
6830,Brandon Smith,105369.24,2022-11-15,336
1959,Erika Crawford,107539.2,2023-07-12,73
6293,Michael Foster,85621.51,2021-02-05,606
246,Shelley Rodriguez,44734.08,2023-12-05,211
7095,Ryan Miles,45567.59,2020-12-13,71
8945,Jose Butler,92400.97,2022-08-24,785
6722,Andrew Moore,35325.11,2023-03-06,275
8062,Brandon Thomas,67431.48,2021-09-07,234
5604,Alan Obrien,85290.92,2021-10-01,886
6160,Ellen Montoya,94792.01,2023-11-15,917
5701,Keith Miller,96694.01,2022-07-27,593
6481,Austin Hart,96629.55,2020-08-08,490
8987,Douglas Chapman,47456.37,2020-10-30,656
4993,Christopher King,106688.02,2023-05-17,993
3843,Daniel Rose,68011.07,2023-06-04,728
7610,Brian Black,50783.7,2020-04-27,389
4312,Nicole Jackson,118479.44,2022-12-09,542
9688,Eric Romero,47715.48,2022-02-06,123
5395,Ryan Williams,94743.19,2021-10-18,122
2012,Juan Smith,73709.72,2022-09-20,925
4515,Sandra Matthews,46141.24,2022-12-25,629
6621,John Cardenas,68339.47,2023-02-28,696
6062,Jessica Lowe,103701.03,2023-12-20,54
4779,Jessica Sullivan,35141.0,2021-04-23,233
5229,Jerry Shelton,64355.66,2022-05-12,697
1833,Richard Taylor,90329.25,2022-11-24,145
8809,Melissa Hooper,86111.38,2022-07-24,701
3849,Daniel Wong,112723.56,2022-10-28,259
5729,Janice Brown,106468.79,2021-12-11,271
5892,Glenda Stone,32371.62,2022-02-06,277
6689,Melissa Holland,41099.61,2023-10-03,29
9430,Jeffrey Holder,34155.14,2020-12-12,238
4905,Brian Moses MD,98443.41,2020-09-12,275
2293,Danielle Zamora,117870.47,2023-08-11,691
9278,Jeffrey Mendez,97017.37,2020-12-25,916
9197,Alexander Goodwin,79508.05,2023-09-24,753
8137,Brandon Hardy,49020.67,2020-03-02,193
2071,Timothy Cummings,89228.37,2020-07-03,829
6145,William Macdonald,75362.87,2022-05-21,842
878,Mary Lopez,40841.42,2022-11-27,436
6221,Gregory Pacheco,31118.02,2022-08-01,883
9967,Paul Melton,34830.64,2023-08-09,861
8605,Jonathan Hart,90808.05,2023-07-11,644
1838,David White,43066.08,2021-08-10,85
4966,Jeffery Myers,97123.39,2020-09-16,119
4186,Christopher Delgado,62008.42,2020-04-07,361
7411,William Arnold,65185.05,2021-05-01,56
7885,William Foley,90609.88,2020-04-09,97
3842,Margaret Harris,113231.98,2022-12-12,884
4048,Tanner Cervantes,72590.99,2020-12-10,225
9642,Jessica Lewis,76176.77,2020-08-18,867
8101,Carlos Williamson,87665.03,2021-08-03,130
7581,Chad Mitchell,106083.93,2021-04-29,323
3310,Paul Smith,111066.11,2023-09-15,777
9340,Ashley White,79083.33,2023-02-07,514
55,Margaret Barnett,37935.42,2021-10-19,871
1222,Richard Jordan,110343.79,2020-11-09,442
7770,Carol Kramer,95637.97,2023-07-28,858
3110,John Williams,67612.6,2021-03-23,725
8709,Mrs. Vickie Ortega,116004.52,2023-05-02,341
3065,Emily Sullivan,65976.57,2022-08-09,607
1198,Bailey White,82910.75,2021-03-13,943
1226,Robert Krause,30416.43,2022-04-30,34
6029,Ryan Rios,88775.89,2023-03-24,452
5019,Timothy Beck,74239.87,2021-07-04,298
9060,Alicia Sullivan,71743.37,2020-11-04,621
2454,Debra Sanchez,87137.14,2022-03-10,180
4365,Martin Jones,62112.25,2022-06-21,121
9448,Corey Hardin,78927.58,2020-05-26,447
7720,Devin Schultz,66811.1,2023-05-12,343
3516,Cameron Mccarthy,41120.57,2022-06-27,606
5027,Gary Porter,56228.16,2022-07-13,708
7275,James Miller,93274.51,2023-01-26,541
1915,Russell Drake,101250.64,2022-04-17,32
6796,Jennifer Mcdonald,96296.13,2023-03-15,627
3800,Ian Wilson,74822.4,2023-09-14,256
3386,Mr. Joshua Medina,47352.39,2021-08-22,635
9171,Tanner Curry,52015.15,2021-06-27,438
3722,Richard Foley,101833.34,2023-06-25,452
4351,Danielle Caldwell,74170.79,2020-12-21,977
8566,Brian Wright,78171.71,2023-11-27,84
6548,Karen Holmes,111627.03,2023-10-29,495
9303,Ashley Rodriguez,113181.13,2023-12-02,169
4390,Colleen Perez,98947.07,2020-08-28,123
8031,Christopher Curry,41892.4,2022-04-28,249
1861,Stephen Smith,114670.68,2020-06-01,237
6399,Daniel Woodward,98727.45,2020-10-26,399
7602,Julie Alvarez,70702.15,2022-07-05,925
1078,Savannah Carter,32622.82,2023-06-29,43
7329,Jennifer Foster,73061.99,2020-01-23,682
174,Judith Simon,59871.72,2023-11-13,258
3333,Willie Bonilla,38335.65,2021-06-20,63
4623,Carla Morales,63845.78,2020-12-21,98
2690,Michael Harrison,77398.54,2020-03-24,914
7083,Nicole Rivera,46545.43,2022-02-16,584
2079,Carol Ross,58907.87,2022-11-27,826
7217,Laurie Price,108064.99,2020-03-08,825
6653,Susan Mosley,62426.82,2020-05-04,435
4407,James Mason,34865.04,2021-09-05,538
6037,Lauren Love,65723.34,2022-02-09,453
9395,Douglas Gonzales,44533.99,2020-07-02,616
2492,Andrew Jordan,85130.77,2023-09-22,748
5316,Mary Church,41388.87,2021-11-04,176
9497,Shawn Porter,45463.91,2021-11-13,536
7806,Ronald Cook,36541.77,2022-04-21,606
3448,Richard Peters,73865.45,2023-12-30,410
2420,Christopher Johnson,85118.95,2022-05-02,366
5080,Rebecca Best,88345.74,2022-01-17,366
1544,Stephanie Andrews,85074.11,2021-10-23,967
8892,Karen Simmons,68923.01,2020-01-26,426
9218,Michael Lee,92336.0,2020-06-12,976
8808,Kelly Wright,40004.74,2023-04-25,924
6200,Scott Christensen,98548.57,2023-12-02,260
2547,Elizabeth Cooper,80410.49,2020-08-01,304
5187,Kimberly Evans,80714.36,2022-07-18,172
5474,Caitlin Adkins,81542.37,2022-04-14,804
3762,Roberto Rocha,108473.85,2023-12-30,368
6439,Renee Estrada,99440.1,2020-01-20,933
2668,Mr. Nicholas Ortiz PhD,56931.17,2022-02-01,930
1580,Tiffany Hicks,88351.52,2022-06-19,144
2371,Stacey Richardson,34679.66,2020-03-02,448
7138,Gloria Perez,45849.91,2022-10-16,656
9455,Jeffrey Wood,37136.65,2022-12-21,770
4871,Julie Jacobs DDS,46996.44,2022-12-23,279
8476,Sylvia Schneider,92137.93,2022-02-13,662
7464,Mark Patel,103067.35,2023-06-29,660
997,Jessica Alexander,64069.79,2021-04-24,150
7301,Beverly Mason,105920.44,2021-08-10,950
5090,John Beard,48390.5,2022-01-01,804
6030,Nina Spears,42866.62,2023-06-16,846
4066,David Johnson,91405.6,2023-08-30,667
1787,Erika Lewis,48014.43,2020-06-28,909
9200,Ashley Porter,73712.35,2023-01-01,737
8861,Ethan Mejia,81304.61,2021-08-17,872
4309,Molly Aguirre,44700.03,2021-01-12,678
6832,Joshua Johnson,103922.09,2022-06-29,387
6634,William Lopez,90210.93,2020-07-22,280
409,Lee Miller,33419.33,2023-04-03,380
724,Barbara Mcgee,56567.13,2020-03-25,745
2252,Jamie Harper,34942.66,2020-07-29,493
2126,Joseph Aguilar,65316.2,2022-12-15,658
8052,Danielle Oconnell,57869.72,2023-03-30,325
7975,Sylvia Burke,93636.75,2020-07-11,780
2149,David Sanchez,100372.85,2020-12-31,731
8588,William Brown,72808.78,2022-12-21,8
3229,Sheila Moreno,47053.99,2023-08-14,892
6452,Courtney Berry,112838.45,2023-02-25,860
7841,Vickie Clark,64361.48,2023-06-09,973
9050,Richard Howard,85160.56,2021-12-29,188
7412,Amanda Hamilton,52537.84,2021-05-15,239
1579,Tyler Rogers,79850.18,2021-02-05,691
4437,Stephanie Petty,64285.04,2022-02-04,894
259,Glen Hansen,108479.11,2022-11-06,808
5258,Candace Ochoa,100613.68,2020-10-07,480
5004,Patrick Turner,65470.92,2023-11-09,218
5158,Sue Garcia,116006.81,2022-06-02,510
1484,Carlos Cantu,63791.51,2023-08-10,141
5305,Angela Davis,104379.25,2023-12-16,745
3604,Meghan Bailey,87035.7,2021-02-17,983
8358,Michelle King,73610.41,2022-12-27,114
3298,Carla Snyder,51873.2,2021-03-14,170
8023,Alyssa Sanders,83774.42,2020-04-27,42
4278,Natalie Cross,50289.1,2023-07-28,870
176,Renee Schwartz,114516.24,2023-09-30,367
5538,Cynthia Gomez,62183.8,2023-09-17,842
5641,Brooke Martin,82682.11,2022-10-26,616
1000,Jason Decker,93648.62,2023-03-05,968
8765,Stephanie Hall,90654.59,2020-02-28,848
3108,Kelsey Garcia,85156.98,2023-03-22,774
7997,Lori Owen,116712.77,2023-05-26,672
2968,Jennifer Davis,41424.61,2021-09-10,256
8229,Christina Daniel,105602.28,2021-01-15,110
242,Mr. Daniel Williams,62073.63,2020-03-02,424
9682,Sharon Gomez,105847.19,2023-11-28,947
5129,Sandra Lewis,59390.84,2022-12-26,985
7212,Mr. Matthew Harrington,54192.99,2020-03-21,521
8234,Jose Clark,54078.83,2021-06-22,750
5271,Linda Oliver,96934.91,2022-02-15,242
4890,Jerry Garcia,79677.85,2023-01-03,868
1753,Christopher Evans,112764.74,2021-04-06,34
6186,Robin Thompson,84760.58,2022-02-28,308
5085,Michael Miller,81479.46,2021-02-08,440
3290,David Herrera,111325.77,2023-08-24,883
3551,Jamie Atkinson,107426.73,2020-12-02,768
4765,Joan Zimmerman,104726.71,2021-03-21,890
1322,Christine Fisher,44023.73,2022-11-06,182
8359,Darrell Ross,30552.79,2023-01-29,962
5824,James Medina,69424.7,2022-03-08,24
4642,Todd Foley,76894.79,2023-10-07,778
3549,Michael Reeves,96510.66,2021-01-01,39
8167,Paul Simon,44979.17,2021-02-13,492
3812,Daniel Johnson,33103.15,2022-12-17,536
1278,Jennifer Flores,78460.16,2020-04-23,788
9218,Michelle Bryant,62677.6,2022-08-15,582
9101,Jessica Torres,102290.6,2020-12-19,2
6404,Dr. Erin Odom,74465.54,2023-05-01,636
4097,Carolyn Hansen,30674.95,2022-11-05,884
4889,Felicia Yu,35022.28,2020-03-12,157
2083,Shannon Mitchell,51544.94,2022-06-08,780
716,Susan Bennett,85548.18,2023-11-07,469
8290,Carla Moore,97940.24,2021-06-06,881
5097,Shannon Rush,40969.07,2021-06-25,167
864,John Barker,108607.46,2022-05-13,173
3203,Tanya Martinez,110137.69,2021-11-02,331
1598,Theresa Ryan,47236.77,2022-08-24,363
9584,Francisco Williams,65759.13,2021-08-21,540
9145,Daniel Mcintosh,78675.28,2021-08-10,739
7634,Cynthia Ward,70657.38,2023-01-15,285
1015,Cindy Bradley,116146.48,2021-01-12,445
1688,Michael Levy,65248.56,2022-12-18,886
6583,Sheila Glenn,106121.2,2020-08-24,451
2717,Rhonda Sanchez,115898.06,2022-06-28,821
9341,Carol King DDS,90852.5,2022-05-16,980
3329,Bryan Smith,80089.66,2020-10-17,318
3471,Jason Hayes,59731.64,2023-04-24,693
6819,Ethan Simpson,53988.8,2023-03-08,486
672,Carmen Walker,47298.06,2020-07-14,994
5069,Grant Schmidt,113379.71,2023-05-18,209
5777,Kayla Knight,35501.25,2020-02-16,132
1908,Stacy Graves,109691.72,2023-03-18,504
7920,Michael Davis,102780.82,2020-01-10,705
2077,Casey Winters,103004.4,2022-08-11,468
6289,Joseph Vargas,97638.02,2021-05-09,289
4517,Bethany Wood,31797.82,2020-09-20,859
9123,Brandi Brown,51557.84,2023-02-03,965
7611,Melanie Rojas,67751.48,2021-03-07,734
35,Joseph Davis,101276.82,2023-07-22,997
2350,Jennifer Owens,79544.23,2021-04-19,723
6957,Sierra Macias,84530.71,2020-07-15,405
5888,Mark Lucero,58337.28,2020-10-31,794
7007,Robert Thomas,116096.84,2021-04-26,135
7970,Kathleen Hernandez,117453.35,2021-03-27,508
7425,Nancy Wheeler,78248.39,2021-11-07,69
7613,Mark Esparza,96160.35,2023-07-25,1
3916,William Herrera,69312.66,2022-10-19,173
1612,Rodney Barron,118891.44,2023-03-15,964
3906,Thomas Morales,63362.03,2021-12-05,849
8888,Robert Alvarez,36600.48,2022-04-12,950
2940,Kimberly Ramirez,65585.74,2023-04-29,535
6654,Nicholas Chen,37182.22,2020-08-04,661
2058,Sharon Davis,43060.08,2022-06-02,870
6095,Daniel Yates,46107.83,2023-07-22,757
3191,Hannah Moore,92844.33,2021-04-03,486
1266,Lori Walker,87915.42,2020-05-27,687
2425,Nancy Harris,104907.11,2020-01-19,732
824,John Weaver,106639.05,2021-01-01,318
7584,Timothy Strong,42663.82,2021-10-23,71
5226,Gail Vasquez,32735.5,2022-01-03,104
2430,Stacy Rhodes,31649.96,2022-06-19,811
3404,Andrew Lopez,116302.58,2022-03-10,500
8579,Jodi Martin,103874.78,2021-03-26,251
7820,Jacob Mcclure,57176.39,2023-01-25,692
426,Erika Thomas,67138.5,2023-11-25,226
3099,Calvin Soto,53642.77,2023-10-14,704
6464,Logan Turner,80949.83,2020-10-09,278
3722,Colleen Trujillo,30137.86,2020-10-18,388
2674,Noah Whitaker,60424.85,2020-08-14,138
4301,Mrs. Jennifer Ramos,107120.15,2021-03-10,235
1395,Michael Lopez,76510.61,2021-05-13,130
8705,Jason Cox MD,37511.35,2021-08-16,202
3269,Kristina Cooper,96244.16,2022-07-28,498
8430,Randall Thompson,64350.0,2020-05-31,952
6617,Rachel Hernandez,35910.71,2020-05-04,778
1253,Alyssa Gonzalez,73037.51,2020-06-10,470
543,Dr. Jacob Wolf,77536.34,2021-12-25,806
6360,Ryan Cooper,118778.77,2021-11-27,369
3458,Tiffany Clements,119972.36,2021-10-18,730
6517,Sara Mason,61086.95,2020-01-10,169
5081,James Walker,60411.85,2020-08-31,505
9541,Dr. Paul Trujillo,81909.41,2021-10-26,483
3906,John Nichols,116500.67,2020-01-17,959
3345,Linda Jacobs,119451.29,2020-08-24,861
9458,Kenneth Long,78058.69,2020-05-01,199
7472,Rhonda Floyd,35594.38,2021-11-03,809
2264,Mary Brewer,96866.03,2020-05-18,277
663,Anthony Bowman,73520.84,2022-03-13,986
2747,Kelsey Lee,70303.95,2020-09-10,474
6874,Mary Vasquez,108049.83,2022-12-24,665
3794,Donald Mckenzie,63205.39,2020-04-08,634
7892,Jennifer Hendricks,97412.89,2020-11-14,352
2949,Kimberly Irwin,61442.43,2023-11-11,667
8529,Samuel Romero,94248.98,2022-06-20,906
5484,Amber Rhodes,62604.46,2023-07-20,635
6507,Arthur Cook,66874.52,2022-11-27,277
4672,Carl Thompson,68428.21,2023-04-28,122
3903,Michael Hicks,50581.31,2020-11-10,827
5626,Kristin Hendricks,41033.81,2020-10-10,420
609,Nicholas Cunningham,92495.79,2023-06-20,120
5572,Alison Woods,77530.16,2023-10-31,452
521,Alexander Figueroa,38199.48,2022-03-02,31
6121,Jerry Edwards,47505.25,2023-02-06,935
3490,Christopher Estrada,44606.98,2022-12-14,993
1861,Barbara Hale,82578.0,2021-07-14,527
8260,Janet Turner,94749.43,2020-11-30,445
9426,Erin Williams,87340.26,2022-07-10,454
6871,Raymond Ryan,99673.35,2023-09-02,611
3901,Thomas Burns,63640.04,2022-02-07,265
7170,Mary Harvey,55610.37,2021-09-18,92
123,Amy Russell,85811.81,2021-08-02,702
1629,Charlotte Hernandez,48740.13,2020-04-28,354
3882,Michael Allison,105767.13,2023-01-02,499
6475,Tommy Carey,60147.32,2023-10-03,277
7671,Thomas Phillips,119310.97,2020-07-06,649
9698,Kristen Garcia,77499.74,2023-04-23,754
5998,Alice Moody,55216.1,2022-02-04,167
9111,Sherry Tanner,43499.98,2023-03-17,850
7416,Adam Kelley,94151.12,2022-03-22,316
6920,Emily Johnson,115176.21,2023-09-12,365
6280,Cristian Fischer,83238.29,2021-06-25,348
8299,Cheryl Calderon,37893.95,2023-08-04,48
2491,John Kelley,93299.5,2020-10-01,195
9176,Joseph West,88937.16,2021-08-31,955
342,Sara Klein,116916.99,2023-04-24,184
9785,Christie Long,33296.26,2020-08-27,949
1287,Douglas Nguyen,69935.67,2021-08-24,454
2042,Timothy Campbell,64025.7,2020-06-04,665
5467,Ryan Miller,38087.19,2023-07-04,454
619,Laura Gilbert,83894.82,2023-01-26,149
2384,Christopher Phillips,115986.35,2020-06-21,220
2572,Wesley Williams DDS,81412.78,2023-12-22,160
8298,Thomas Weiss,32775.32,2021-06-11,894
5090,Joshua Sims,119092.45,2023-02-26,37
8578,Kathleen Newton,104038.14,2020-11-20,770
5371,Richard Phillips,96807.54,2022-08-08,453
8141,Jeremy Carter,71491.61,2023-03-17,481
842,Michael Johnson,74000.18,2022-01-21,35
1515,James Butler,66055.71,2021-04-18,377
3570,Dave Carr,102392.52,2020-12-20,853
7642,Jane Bond,47395.16,2020-02-25,607
5346,Beth Howard,105723.31,2021-12-23,384
9440,Hannah Brown,101360.2,2021-03-17,373
1810,Crystal Marks,100833.64,2023-03-10,226
8478,Jackson Cordova,56635.89,2021-11-27,836
1690,Mariah Lee,50141.33,2020-10-18,229
4476,Joseph Poole,108710.54,2023-10-03,120
8413,Christian Sullivan,82931.77,2022-06-05,802
1739,Melissa Frank,34353.19,2023-05-31,310
3679,James Barber,116875.96,2021-05-08,108
2790,Jessica Reyes,112023.19,2023-03-24,171
2122,Amanda Williams,95057.43,2023-05-16,509
6670,Colin Ross,114654.78,2022-09-05,393
8275,Joseph Carroll,76598.44,2022-07-14,477
2159,Jamie Brown,110912.33,2021-07-12,243
8286,David Hernandez,30510.54,2021-02-22,471
9749,James Bishop,44126.42,2022-07-14,880
6244,William White,85593.63,2022-11-11,975
2941,Nancy Glenn,118637.23,2020-04-09,777
7315,Melissa Gutierrez,31432.03,2021-04-27,151
7050,Adam Anderson,33954.19,2022-12-05,555
390,Lisa Wiggins,38083.25,2022-03-17,245
4190,Ann Mora,88531.25,2021-09-17,887
8540,Sarah Morris,34878.17,2023-09-12,105
4805,Richard Crane,72496.61,2021-06-26,33
7010,Raymond Jones,39709.04,2023-05-15,751
735,Rachel Henson,73739.28,2021-01-18,944
7327,Jessica Boyer,114968.33,2022-09-22,73
5114,Eric Thomas,110834.3,2021-07-12,154
8453,Erin Nguyen,66879.85,2021-02-15,86
9921,Brian Cameron,63079.24,2022-12-22,987
3254,Robert Rasmussen,118304.81,2020-07-30,869
2042,John Hampton,97787.89,2022-04-06,956
9665,Kelly Bell,41716.07,2022-10-24,176
1924,Theresa Chambers,47420.43,2022-07-06,113
1309,Mitchell Cisneros,116231.33,2021-05-28,936
4967,Alexandria Joseph,83676.54,2023-07-23,136
3703,Joshua Nixon,36894.61,2020-06-16,780
1928,Michelle Perez,38474.66,2022-09-20,52
9208,Chelsea Moore,54060.86,2020-06-26,73
489,Alexander Chambers,113875.08,2021-09-04,478
359,David Callahan,31554.23,2020-07-07,971
1286,Sean Martinez,33591.96,2021-06-06,306
2537,Nicole Everett,74293.52,2021-11-12,780
1539,Sarah Bowen,76006.09,2023-08-10,466
4713,Shawn Jimenez,72379.95,2022-09-10,731
7874,Daniel Snyder,111837.52,2023-01-14,565
6046,Catherine Gonzales,119884.5,2021-11-18,311
989,Norman Mills,101114.42,2023-03-02,242
9776,Mr. Andrew Lucas,48721.19,2021-02-22,977
3198,Matthew Cortez,31352.9,2021-12-13,969
6789,Kelly Little,58895.4,2021-11-25,40
6466,Michele Rich,47920.47,2020-09-15,813
3128,Zachary Stone,34394.88,2020-01-02,467
549,Omar Anderson,50609.86,2022-12-07,37
8097,Jeremiah Clark,48431.64,2020-04-07,411
6960,Adam Wilcox,110122.18,2022-10-24,684
4558,Destiny Marshall,93149.56,2022-05-30,235
8112,Shelly Simpson,84860.06,2020-12-18,978
6520,Megan Sanders,83704.54,2020-07-24,908
9701,Jose Jimenez,49689.82,2022-10-23,186
4796,April Alexander,119529.7,2022-01-30,244
9260,Jennifer Miles,69548.65,2022-10-11,565
6960,Edward Hendricks,30723.72,2022-11-25,608
7430,Elijah Gallagher,31686.11,2020-04-12,286
3886,Jacqueline Cruz,54555.66,2022-04-12,502
1954,Thomas Stafford,93457.3,2022-10-27,162
6577,Michael Watkins,65923.44,2022-02-05,537
3455,Justin Robbins,78156.09,2020-11-01,746
3304,Jose Esparza,114857.31,2023-02-17,126
3798,Charlene Young,88875.4,2023-01-02,613
2846,Ryan Harrison,69779.58,2023-06-22,625
3757,Arthur Mercer,70582.79,2020-10-30,657
217,Elaine Smith,114917.35,2022-03-06,158
6243,Hannah Cole,35412.98,2021-05-19,983
6613,Margaret Zhang,61683.18,2021-05-22,603
8738,Renee Hughes,66487.87,2020-04-30,36
9936,David Ford,93529.72,2022-06-10,417
5611,Sonya Payne,86354.07,2022-02-12,974
6497,Christopher Downs Jr.,49982.29,2023-05-07,990
7304,Leonard Shaffer,94888.57,2022-08-10,972
2016,Andrew Allen,89784.59,2022-03-25,499
8374,Adrian Johnson,36785.92,2022-05-26,576
5737,Beverly Jones,82647.25,2020-01-11,256
5430,James Richards,44354.11,2023-12-17,503
748,Jamie Gonzalez,47862.12,2023-01-17,952
385,Kathy Munoz MD,70760.96,2023-12-12,449
1809,Elizabeth Oconnor,87790.4,2023-05-19,27
8536,James Sherman,73678.88,2022-01-11,151
8704,Johnny Brown,110943.88,2020-08-20,852
3193,Jacob Woodard,112773.23,2020-12-18,28
3175,Kenneth Hubbard,87290.53,2020-11-24,910
2338,David Foley,72221.91,2021-06-26,111
8256,Jeremiah Mahoney,49251.38,2023-05-09,547
2186,Tara Schwartz,118820.34,2022-01-04,399
2843,Beth Harper,34462.97,2020-12-17,902
223,Shawn Wilkins,115433.21,2023-08-21,582
4389,Danielle Hall,96018.54,2023-07-13,26
1792,Brandi Walker,42181.26,2021-03-29,296
1395,Amy Gonzalez,40146.98,2021-07-30,947
9894,Amy Byrd,107826.16,2022-07-05,164
6975,Kelsey Watkins,92537.15,2021-03-05,860
398,Megan Williams,105509.48,2020-05-29,199
4111,Diane Smith,72862.85,2020-08-20,839
1908,Thomas Hopkins,110570.04,2021-04-19,27
9765,Chris Carter,52811.8,2020-07-29,483
8625,Terry Hunt,94736.94,2020-05-18,359
2702,Katrina Murray,109145.71,2021-08-30,436
2888,Emily Wells,60804.72,2020-07-17,760
7574,Tracey Ritter DDS,70768.34,2020-05-06,161
3787,Derek Levy,68345.22,2021-04-23,297
2098,Jennifer Farmer,49983.8,2021-08-08,318
4113,Kyle Miller,33933.0,2020-12-13,615
1877,Robert Mosley,41244.55,2023-09-23,716
5816,Michael Barber,87831.59,2023-06-27,273
8275,Tara Pollard,106340.39,2022-03-23,504
6759,Stacy Novak,102489.05,2020-03-27,462
1072,Patricia Davis,86206.78,2020-02-13,303
5015,Mrs. Cynthia Barrett,95098.3,2021-07-10,817
3226,Colleen Gonzales,87043.69,2023-07-14,381
7227,Wesley Reese,96581.72,2020-02-18,540
5574,Hannah Becker,94079.94,2022-09-27,680
963,Whitney Dunn,35212.45,2020-07-03,789
8554,Marisa Walls,84060.24,2023-01-23,691
8969,Eric Howard,87619.83,2020-03-01,994
9782,Mrs. Tonya Lee,80563.3,2023-05-21,297
5952,Nicole Martinez,95217.74,2023-05-16,483
8835,Gloria Hicks,43948.79,2021-08-04,693
426,Mr. Marvin Bradley,59707.14,2023-04-09,795
8326,Luis Davis,64625.28,2020-10-26,166
1487,Megan Bond,49517.6,2021-01-30,189
1348,Wayne Bowers,77435.97,2023-03-14,538
780,Heather Galloway,55193.8,2023-02-03,241
1199,Rachel Bradford,88553.7,2020-07-09,473
35,Lindsey Spencer,53981.93,2020-07-22,51
2254,Peter Jackson,56229.88,2021-05-26,819
8644,Dana Spears,54741.66,2020-10-10,401
876,Frederick Conner,77859.96,2020-10-29,137
8861,Emily Logan DDS,49223.03,2022-12-03,897
1925,Tabitha Lawrence,118340.7,2023-10-13,581
8668,Glenda Nguyen,115171.01,2023-06-14,83
7388,Amanda Randall,102643.88,2022-12-11,601
4852,Jenna James,43457.39,2022-01-07,576
4399,Amy Baker,82381.48,2022-04-25,561
5598,Terri Williamson,43265.77,2021-01-18,210
5441,Theresa Harris,101831.18,2021-03-16,266
4600,Jennifer Rodriguez,79561.5,2021-10-29,220
1420,Joseph Horne,33613.45,2023-08-26,994
9333,Rachel Kane,104001.34,2022-09-05,690
5711,David Sutton,84862.39,2022-08-31,982
2295,Steven Warner,45877.43,2022-09-13,363
3684,Dawn Ellis,93982.57,2020-10-13,93
9425,Stephen Henderson,33792.18,2022-02-12,723
4568,Dr. Spencer Ramirez,76532.19,2020-02-18,452
7216,Andrea Mills,96399.45,2021-03-19,921
277,Christopher Fuller,109380.75,2021-10-28,732
6159,Rebecca Andrews,82509.35,2023-10-11,679
8835,Timothy Riley,56221.14,2023-05-18,726
276,James Garcia,113449.85,2021-11-24,974
4369,Bryan Villanueva,41224.35,2022-09-27,579
9885,Robert Woodward,46789.08,2022-07-24,574
4745,Shari Guerrero,34810.28,2020-03-08,481
9641,Sherry Terry,35885.54,2020-10-01,95
2229,Ashley Johnson,95389.68,2021-03-02,67
7804,Andrew Friedman,84460.72,2022-05-23,466
6641,Brianna Lawrence,56891.18,2021-03-20,593
6330,Laura Brooks,78377.34,2022-01-30,140
5410,Gregory Davis Jr.,98636.84,2022-09-18,205
2344,Jennifer Johnson,102628.54,2021-02-14,806
6816,Daniel Lopez,94585.29,2021-04-04,356
3143,Michael Bailey,79077.48,2021-06-05,260
1769,Mark Perez,41539.39,2020-02-16,632
85,Brian Lee,111548.28,2023-05-29,253
3987,Mark Walker,64710.24,2022-07-23,207
8633,Richard Santos,70051.87,2020-04-20,33
1388,Robert Davis,43158.54,2022-05-22,719
4814,Anthony Glover,37846.27,2021-10-10,833
4323,Matthew Lloyd,60596.6,2022-07-03,465
8069,Laura Henderson,48793.47,2020-12-02,603
3813,Eric Davis,47287.32,2021-12-01,658
3432,Brooke Jones,78951.73,2023-04-17,422
608,Judy Rogers,82712.45,2020-10-07,874
2858,Angela Alvarez,72321.2,2022-06-29,439
5548,Emily Rodriguez,61547.95,2023-12-21,79
518,Elizabeth Carroll,68748.9,2021-08-19,68
5448,Nicole Flores,56586.94,2022-03-31,173
6176,Tasha Mendez,115114.77,2023-05-16,159
2351,Mario Brown,95074.3,2021-12-21,601
1766,Sharon Simpson,38479.0,2021-08-01,762
2851,Joseph Flores,42086.99,2021-10-14,74
1666,Yvonne Jones,69495.12,2020-04-29,280
7113,Mason Parks,107799.85,2022-02-25,660
8539,Linda Alvarado,91670.44,2022-08-31,55
1839,Joseph Campos,106034.82,2021-09-23,626
2607,Kyle Mcdonald,109820.67,2023-07-11,28
3192,Adrienne Phillips,114486.06,2021-07-25,359
2121,Sandra Wallace,45102.56,2020-01-18,868
6684,Carla Finley,68584.07,2022-02-26,258
5891,Peter Castillo,58124.58,2020-03-14,108
4173,Victor Alvarez,115449.57,2021-01-24,932
9232,Alicia Henderson,63305.76,2023-04-30,233
7343,Ricardo Miller,106166.39,2021-10-28,938
5786,Gerald Reed,72890.2,2021-08-21,753
742,Ralph Johnson,81711.92,2021-04-28,205
9664,Henry Morales,95894.78,2020-09-30,671
9242,Donna Stephens,74154.48,2021-12-25,288
4632,Brian Pierce,38374.07,2022-08-18,676
431,Jesse Ford,55707.8,2021-09-07,159
6745,Roger Rivera,111045.84,2021-08-10,616
1190,John Rodriguez,65592.71,2021-10-28,816
2513,Shawna Hawkins,34878.06,2020-03-27,670
6081,Rebecca Sandoval,67343.06,2022-12-25,28
4298,Dwayne Powers MD,111806.6,2020-04-22,105
4607,Elizabeth Hart,37498.97,2020-06-25,863
9356,Mark Russell,118365.68,2020-12-02,788
1942,Adam Morales,32036.62,2022-09-10,594
2132,Catherine Jones,96699.08,2023-12-03,369
1526,Evelyn Wells,102155.48,2021-09-09,978
3249,Kathleen Patel,58973.83,2023-08-13,745
656,Kelly Smith,83058.29,2020-02-02,497
2272,Jason Rice,96602.8,2021-03-02,939
6442,April Ross,54049.48,2023-09-26,302
8104,Matthew Proctor,32607.71,2023-10-02,289
8063,Alexis Watts,106485.19,2023-11-27,170
8799,Kim Alvarado,69164.24,2023-07-28,720
4594,Tiffany Garner,67623.58,2021-05-31,162
4868,Sabrina Chan,55091.86,2023-05-27,643
6210,James Joseph,77020.86,2020-04-04,887
1071,Ashlee Farmer,86857.78,2023-06-27,529
8337,Alejandra Barnes,119471.34,2021-04-27,95
1438,Jason Mcpherson,101402.18,2022-11-15,954
24,Stacey Riddle,45599.16,2020-03-21,537
866,Shawna Becker,99165.69,2021-09-06,815
7988,Donna Edwards,84249.55,2021-04-10,48
1127,Michael Blanchard,73296.77,2021-08-29,288
8374,Cindy Flowers,33022.66,2021-05-29,455
4237,Patricia Jordan,55975.96,2023-09-22,889
1295,Laura Johnson,112814.39,2022-01-28,742
2792,David Moore III,91450.34,2022-12-30,496
2042,Jeffery Herrera,82091.81,2022-09-03,469
3066,Sarah Hanson,93632.52,2023-08-20,291
7195,Miss Jill Garcia MD,58212.28,2023-04-28,653
522,Caroline Smith,75578.2,2023-05-30,791
3361,Jacqueline Vasquez,96712.92,2021-01-22,242
8776,Justin Olson,92849.64,2023-03-30,238
5525,John Cox,83917.32,2020-11-04,975
5460,Timothy Graham,95900.8,2021-01-13,801
3262,Donna Mason,95609.86,2021-05-28,929
3197,James Mcbride,62121.93,2023-08-08,259
5098,Thomas Johnson,119123.85,2020-04-04,271
5480,Kayla Hall,62303.36,2021-11-30,851
4885,Stephanie Price,119774.91,2023-08-21,264
2756,Bruce Harmon,66246.72,2022-07-29,319
8464,Danielle Burton,62427.41,2020-01-13,434
5929,Andrew Green,106215.69,2020-04-22,228
9742,Monica Williams,32817.64,2020-04-25,169
2808,Dr. Kyle Jones,33402.66,2022-01-25,539
8278,Heather Scott,84605.91,2021-02-27,413
9947,Meagan Floyd,110804.53,2021-08-04,599
1333,Eric Davis,119893.44,2022-05-30,1000
128,Lauren Hayes,38867.53,2021-02-26,364
4464,Blake Wright,89486.21,2022-07-23,126
6651,Henry Wood,39487.77,2022-11-13,571
5295,Sean Williams,44458.3,2023-09-02,657
4179,James Miller,84768.02,2020-11-30,217
1104,James Baker,48326.82,2023-07-10,363
5090,Ian Castro,33177.83,2023-06-28,497
4485,Philip Alexander,68257.97,2020-10-24,96
5989,Chad Bennett,93305.44,2022-09-27,915
6802,Melissa Simon,35400.21,2022-01-22,222
8991,Cameron Baldwin,44262.73,2021-01-19,749
261,Shelby Parker,90954.94,2020-01-30,80
440,David Casey,46633.38,2021-07-24,1000
1417,Patrick Moss,59696.0,2020-05-26,529
9168,Cassandra Thompson,79715.98,2020-12-03,909
6348,Alice Wright,99411.06,2020-01-30,971
5484,Robert Burnett,68895.68,2022-10-18,317
3320,Thomas Matthews,66268.74,2023-01-14,368
8647,Mrs. Kimberly Walker DVM,97341.21,2022-03-19,340
1072,Mark Martinez,59045.6,2021-02-27,643
6632,Jermaine Crawford,90909.97,2020-06-25,618
6215,Arthur Harris,63008.69,2023-03-17,840
969,Katelyn Page,30989.41,2021-08-06,809
3854,Catherine Jackson,72693.95,2020-05-28,248
8960,Victoria Brooks,66116.79,2021-05-12,355
4789,Derek Brown,39111.57,2022-12-23,755
2883,Adam Ray,77376.56,2023-02-20,862
2517,Connie Park,102374.18,2021-11-06,136
8538,Jessica Chapman,58856.55,2020-09-24,769
1037,Douglas Parker,37779.88,2020-11-12,74
5217,Sean Callahan,64250.65,2020-07-31,721
5003,Kelly Goodwin,54040.13,2022-07-16,243
4152,Amanda Clark,53197.58,2021-01-05,202
5446,Matthew Hernandez,109545.46,2022-07-06,184
1393,Daniel Bishop,116695.69,2020-09-08,413
5539,Roy Perry,59337.08,2022-09-26,295
6594,Tara Shepherd,33478.0,2021-02-26,951
3042,Ms. Melissa Mcintyre,41309.63,2020-08-11,162
8457,Melinda Thompson,46523.48,2022-02-01,571
3615,Jacqueline Washington,101265.87,2021-07-20,763
7337,Stacy Long,38394.01,2020-04-07,710
8937,Ann Ayers,31917.05,2022-11-02,631
7202,Eric Williams,66158.29,2021-03-18,118
2714,Carlos Kane,69690.57,2023-12-28,486
8147,Frank Reyes,104880.04,2020-08-06,843
7787,Stephanie Taylor,51804.02,2020-09-25,505
229,Nancy Newman,75817.45,2022-06-20,996
4777,Cory Collins,48074.79,2021-11-04,609
9091,Elizabeth Silva,60555.46,2021-08-19,90
5972,Stephen Sherman,77362.58,2023-01-17,789
9007,Kenneth Campbell,84756.5,2022-01-29,239
4276,Arthur Perez,73206.44,2021-02-04,948
8247,Deanna Kirk,81887.07,2020-08-21,32
7989,Pamela Smith,54085.92,2020-11-19,147
889,John Smith,75137.98,2020-12-21,724
7018,Tiffany Jennings MD,38773.13,2021-04-30,408
153,Jose Smith,78462.06,2020-09-21,74
607,Scott Alexander,118154.34,2022-06-25,36
7530,Jared Taylor,101092.97,2022-01-24,874
5586,Mrs. Zoe Shelton,82695.03,2021-03-17,729
5175,Stephanie Petty,82575.9,2023-03-29,259
8748,Julie Powell,111284.84,2020-02-01,700
9163,Russell Williams,98194.56,2022-04-02,571
8363,Holly Lawrence,57667.41,2023-09-24,724
1404,Brandon Patterson,95144.56,2021-09-19,711
2114,Martin Butler,76382.1,2023-01-24,549
7281,James Davis,47135.56,2022-11-27,228
9388,Kelly Potter,104374.27,2023-11-09,302
8079,Melanie Frank,31247.51,2020-04-25,459
77,Andrew Perez,60100.25,2023-06-22,915
6214,Charles Coleman,117095.37,2020-12-28,974
4230,Andrew Stephens,33494.38,2020-08-31,57
8843,Reginald Olson,30332.45,2020-09-27,528
500,Ashley Ferguson,78591.12,2023-03-30,537
2112,Rhonda Moore,97258.77,2021-05-10,548
6918,Sarah Evans,81326.25,2022-11-25,15
5839,Jessica Brown,89755.65,2022-06-10,570
909,Dr. Angela Conley,112664.63,2022-08-15,913
1713,Jonathan Powell,98964.1,2023-10-29,760
2420,Pamela Olson,88894.11,2020-02-14,580
113,Kristi Smith,107765.34,2023-09-29,205
8851,Stephen Rosales,48760.37,2020-02-08,422
6954,Jennifer Miller,117684.03,2023-02-26,431
8017,Elizabeth Rivers,58409.72,2023-02-12,532
6846,Douglas Warner,60710.04,2021-03-13,208
3278,Tina Phillips,104661.19,2023-08-13,592
9405,Lauren Thompson,73089.82,2022-06-18,233
5030,Larry Cabrera,30529.69,2020-05-25,477
2343,Brandon Thomas,115352.71,2023-08-23,411
2625,David Adams,34355.38,2022-12-12,711
8949,Mark Rodriguez,81860.95,2021-02-19,812
920,Thomas Durham,60639.24,2022-02-26,529
3459,Matthew Conrad,35043.74,2021-04-03,805
5808,Lisa Ortiz,94972.99,2021-12-27,128
226,Kristin Thornton,115193.31,2023-06-24,276
3217,Jean Andrews,45569.39,2021-10-23,13
4242,Patricia Anderson,39827.87,2023-04-25,127
1860,Rodney Taylor,109879.77,2023-08-24,947
4389,Corey Harrison,34045.9,2021-10-30,911
9843,Terry May,68975.5,2023-02-04,149
2691,Judy Oneal,118636.18,2021-05-03,796
7664,Sherri Leonard,91885.26,2022-12-28,309
5858,Maria Johnson,92299.78,2020-01-07,272
8718,Joshua Burgess,44984.39,2021-03-11,26
9305,David Green,43272.04,2023-09-30,821
2072,Bobby Burns,66449.57,2020-09-16,678
5037,Tiffany Ball,46349.02,2023-11-06,663
1853,Antonio Crawford,85664.86,2023-03-03,875
9924,Deborah Klein,84178.93,2020-09-20,534
7987,Karen Mccormick,79746.98,2020-06-10,947
7714,Tamara Harris,100949.27,2021-10-26,39
7918,Nicholas Crosby,94823.47,2021-09-04,33
3160,Catherine Morales,46106.84,2023-04-24,959
8669,Jill Burke,104115.62,2022-03-17,75
8349,Dr. Rachel Keith DDS,88698.53,2020-11-10,188
8418,Daisy Hardin,56425.79,2022-03-26,670
5370,Cynthia Phillips,46005.64,2023-06-05,832
4701,John Black,59157.76,2022-03-03,960
5958,David Wright,60685.2,2023-01-25,345
